{"train_metric": 0.9197083711624146, "train_loss": 0.36437588930130005, "val_metric": 0.6670891046524048, "val_loss": 1.1064484119415283, "test_metric": 0.6362520456314087, "test_loss": 1.229231357574463, "_timestamp": 1691221388.0486937, "_runtime": 122.83073258399963, "_step": 72, "_wandb": {"runtime": 122}}