{"train_metric": 0.7513523101806641, "train_loss": 0.5841193795204163, "val_metric": 0.6618249416351318, "val_loss": 0.654619574546814, "test_metric": 0.6385813355445862, "test_loss": 0.6566233038902283, "_timestamp": 1691221758.4971282, "_runtime": 54.39194917678833, "_step": 28, "_wandb": {"runtime": 53}}